기업,산업,솔루션,적용 범위,도입 방법,대표 효과(정량)
TD Bank,은행(금융),Dynatrace Davis,"레거시 데이터센터→하이브리드 멀티클라우드 전환, 관측성 도구 통합","관측성 단일 플랫폼으로 도구 7종 통합, Davis AI 자동 RCA, 예측형 이상탐지, 점진적 자동복구(zero-touch 지향)","거래실패율 0.16%→0.06%, 선제 인시던트 식별 +25%, 대응속도 +20%, 도구비용 -45%, 고객불만 -60%"
BT Group,통신,Dynatrace,"그룹 전사 서비스운영, 앱 모니터링 단일 플랫폼 통합",3단계 전환(디지털운영 현대화→AIOps 자동 이슈탐지·분석→ServiceNow 연계 자동화),"MTTI(조사시간) 최대 -90%, 팀 생산성 2배, 사상 최대 안정적 제품출시(iPhone 런칭)"
Autodesk,소프트웨어,BigPanda,"25개 모니터링 도구, 월 10만+ 알림 통합","다중도구 알림을 액션가능 인시던트로 상관·압축, 티케팅 개선","인시던트 -69%, MTTR 개선 +85%, 이상탐지 향상"
FreeWheel (Comcast),미디어/광고,BigPanda,"일 1.5만 이메일 알림, NOC 운영","Alert Intelligence로 알림에 컨텍스트(위치·호스트·영향서비스) 강화, Jira 양방향 티케팅","노이즈 -90%(1.5만→1.5천), 압축률 71%, MTTR -78%(25시간→5.5시간)"
Gamma,통신,BigPanda,이메일 기반 알림관리(3%만 검토 가능),PoV(proof-of-value) 파일럿으로 2주 내 효과 실증 후 확대,"알림 노이즈 -93%(2주 내 급감), IT팀 운영효율 향상"
HCL Technologies,IT서비스,Moogsoft,DevOps on Cloud 다중 고객 환경,"다중소스 이벤트 ML 상관·중복제거, 인시던트 워크플로 자동화","MTTR -33%, 이벤트 데이터 85% 통합, 헬프데스크 티켓 -62%"
CMC Networks,통신(62개국),BigPanda+NetBrain,"글로벌 네트워크 운영, 이벤트 상관+예측",AI 이벤트 상관(BigPanda)+예측 인사이트(NetBrain) 결합,MTTR(수리시간) -38%
TIVIT,IT서비스,BigPanda,핵심 고객 지원 티켓 RCA 가속,자동 RCA로 근본원인 탐색 시간 단축,핵심고객 지원티켓 MTTR -40%
글로벌 미디어 방송사,미디어,BigPanda,이상탐지+이벤트상관 통합,이상탐지와 이벤트상관 결합 통합 솔루션,"MTTA/MTTR SLA 준수 +50%, 알림-인시던트 상관율 85%"
InterContinental Hotels,호스피탈리티,BigPanda,인시던트 트리아지 자동화,태깅 전략 기반 트리아지 자동화(비즈니스 컨텍스트 임베드),트리아지 개선으로 MTTR 최대 -50%
BMO,은행(금융),Dynatrace Grail,로그 분석·문제분석 가속,Grail 데이터레이크로 로그 분석 자동화,"문제분석 시간 -80%, 월 60시간(로그분석) 절감, 개발자 월 40시간 확보"
Pasco County,공공(정부),Dynatrace,서비스 가용성 모니터링·자동 인시던트 대응,실시간 가시성+자동 인시던트 대응/해결,"주요 장애 -50%(1년), 해결시간 12시간→절반 이하, 만족도 +6%"
Minnesota IT,공공(정부),Dynatrace,전사 IT 환경 투명성·사일로 해소,"AIOps로 사일로 해소, 팀간 협업 기반 문제해결","서비스중단 비용 -85%, 복잡이슈 수일→2~3시간"
