주제,제목,URL
Dynatrace (Davis·Smartscape·RCA),Davis® AI — Dynatrace Docs,https://docs.dynatrace.com/docs/discover-dynatrace/platform/davis-ai
Dynatrace (Davis·Smartscape·RCA),Dynatrace bets on causal intelligence for AI observability | TechTarget,https://www.techtarget.com/searchapparchitecture/tip/Dynatrace-bets-on-causal-intelligence-for-AI-observability
Dynatrace (Davis·Smartscape·RCA),Dynatrace Davis Alternative: Open Source AI Root Cause Analysis (2026) | Aurora by Arvo AI,https://www.arvoai.ca/blog/dynatrace-davis-alternative-open-source
Dynatrace (Davis·Smartscape·RCA),How Davis Works :: Dynatrace Modernization Workshop,https://dynatrace.awsworkshop.io/50_operate/20_how_davis_works.html
Dynatrace (Davis·Smartscape·RCA),Dynatrace Intelligence — Dynatrace Docs,https://docs.dynatrace.com/docs/dynatrace-intelligence
Dynatrace (Davis·Smartscape·RCA),Davis AI — Dynatrace Docs,https://docs.dynatrace.com/docs/semantic-dictionary/model/davis
Dynatrace (Davis·Smartscape·RCA),Build trust with Dynatrace AI-driven root cause and impact analysis,https://www.dynatrace.com/news/blog/build-trust-with-dynatrace-ai-driven-root-cause-and-impact-analysis/
Dynatrace (Davis·Smartscape·RCA),Dynatrace Intelligence,https://www.dynatrace.com/news/blog/next-generation-dynatrace-davis-ai-becomes-the-default-causation-engine/
Dynatrace (Davis·Smartscape·RCA),Root cause analysis concepts — Dynatrace Docs,https://docs.dynatrace.com/docs/dynatrace-intelligence/root-cause-analysis/concepts
Dynatrace (Davis·Smartscape·RCA),"AIOps strategy unlocks new possibilities for automation, customer satisfaction",https://www.dynatrace.com/news/blog/aiops-strategy-unlocks-new-possibilities-for-automation-customer-satisfaction/
Dynatrace (Davis·Smartscape·RCA),Dynatrace Platform Case Studies & Customer Success | Cuspera,https://www.cuspera.com/products/dynatrace-platform-x-13693/customer-story
Dynatrace (Davis·Smartscape·RCA),AI Case Studies | AI Success Stories & Lessons Learned,https://www.itopsai.ai/case-studies/tdbank-dynatrace
Dynatrace (Davis·Smartscape·RCA),"127 Dynatrace Case Studies, Success Stories, & Customer Stories | FeaturedCustomers",https://www.featuredcustomers.com/vendor/dynatrace/case-studies
Dynatrace (Davis·Smartscape·RCA),BT Digital customer story,https://www.dynatrace.com/customers/bt-digital-transformation/
Dynatrace (Davis·Smartscape·RCA),TD Bank customer story,https://www.dynatrace.com/customers/td-bank/
Dynatrace (Davis·Smartscape·RCA),How organizations are adopting AIOps and IT automation,https://www.dynatrace.com/news/blog/how-organizations-are-adopting-aiops-and-it-automation/
Dynatrace (Davis·Smartscape·RCA),Helping customers unlock the Power of Possible,https://www.dynatrace.com/news/blog/helping-customers-unlock-the-power-of-possible/
Dynatrace (Davis·Smartscape·RCA),"Dynatrace AIops Use Cases: Practical, Data-Driven Observability for Modern Digital Experiences - Webeyez Insights",https://webeyez.com/insights/guides/dynatrace-aiops-use-cases-guide
Dynatrace (Davis·Smartscape·RCA),Customer stories,https://www.dynatrace.com/customers/
Dynatrace (Davis·Smartscape·RCA),"Dynatrace expands Davis AI with Davis CoPilot, pioneering the first hypermodal AI platform for unified observability and security",https://www.dynatrace.com/news/blog/hypermodal-ai-dynatrace-expands-davis-ai-with-davis-copilot/
Dynatrace (Davis·Smartscape·RCA),Dynatrace Intelligence,https://www.dynatrace.com/platform/artificial-intelligence/
Dynatrace (Davis·Smartscape·RCA),Dynatrace Root Cause Analysis with Smartscape and ...,https://www.linkedin.com/posts/techstevemancini_more-tools-wont-save-you-causality-will-activity-7416845483568078848-ameK
Dynatrace (Davis·Smartscape·RCA),Root cause analysis — Dynatrace Docs,https://docs.dynatrace.com/docs/dynatrace-intelligence/root-cause-analysis
Datadog (Watchdog·RCA),"Top AIOps Tools for DevOps Engineers in 2026: Datadog AI, Moogsoft, PagerDuty & More | DevOpsBoys",https://devopsboys.com/blog/top-aiops-tools-for-devops-engineers-2026
Datadog (Watchdog·RCA),PagerDuty vs Datadog: Which One Do You Actually Need? | NeuBird AI,https://neubird.ai/blog/pagerduty-vs-datadog
Datadog (Watchdog·RCA),Watchdog | Datadog,https://www.datadoghq.com/product/platform/watchdog/
Datadog (Watchdog·RCA),Datadog Watchdog™,https://docs.datadoghq.com/watchdog/
Datadog (Watchdog·RCA),Watchdog Explains,https://docs.datadoghq.com/dashboards/graph_insights/watchdog_explains/
Datadog (Watchdog·RCA),Datadog Expands Its Watchdog AI Engine with Root Cause Analysis and Log Anomaly Detection | Datadog,https://www.datadoghq.com/about/latest-news/press-releases/datadog-expands-its-watchdog-ai-engine-with-root-cause-analysis-and-log-anomaly-detection/
Datadog (Watchdog·RCA),Datadog Expands Its Watchdog AI Engine with Root Cause Analysis and Log Anomaly Detection,https://www.prnewswire.com/news-releases/datadog-expands-its-watchdog-ai-engine-with-root-cause-analysis-and-log-anomaly-detection-301525080.html
Datadog (Watchdog·RCA),Watchdog: Auto-detect performance anomalies without setting alerts | Datadog,https://www.datadoghq.com/blog/watchdog/
Datadog (Watchdog·RCA),Watchdog RCA,https://docs.datadoghq.com/watchdog/rca/
Datadog (Watchdog·RCA),Datadog Expands Watchdog AI Engine with Root Cause Analysis and Log Anomaly Detection | APMdigest,https://www.apmdigest.com/datadog-expands-watchdog-ai-engine-with-root-cause-analysis-and-log-anomaly-detection
Datadog (Watchdog·RCA),"Datadog Watchdog Guide: AI-Powered Alerts, Insights, and Root Cause Analysis - Webeyez Insights",https://webeyez.com/insights/guides/datadog-watchdog-guide
Datadog (Watchdog·RCA),Automated root cause analysis with Watchdog RCA | Datadog,https://www.datadoghq.com/blog/datadog-watchdog-automated-root-cause-analysis/
Datadog (Watchdog·RCA),"Anomaly detection, predictive correlations: Using AI-assisted metrics monitoring | Datadog",https://www.datadoghq.com/blog/ai-powered-metrics-monitoring/
Splunk ITSI (Event Analytics·Adaptive Thresholding),Splunk ITSI Alert Noise: 7 Tuning Techniques That Actually Work,https://www.bitsioinc.com/blog-post/itsi-incident-management-reduce-alert-noise
Splunk ITSI (Event Analytics·Adaptive Thresholding),Machine Learning & ITSI Sitting In a Tree,https://conf.splunk.com/files/2020/slides/ITO1820C.pdf
Splunk ITSI (Event Analytics·Adaptive Thresholding),Breaking Through the Threshold: Leveling up ITSI Adaptive Thresholding with Splunk AI | Splunk,https://www.splunk.com/en_us/blog/it/breaking-through-the-threshold-leveling-up-itsi-adaptive-thresholding-with-splunk-ai.html
Splunk ITSI (Event Analytics·Adaptive Thresholding),What Is Adaptive Thresholding? | Splunk,https://www.splunk.com/en_us/blog/learn/adaptive-thresholding.html
Splunk ITSI (Event Analytics·Adaptive Thresholding),Alert Noise Reduction | Splunk,https://www.splunk.com/en_us/solutions/alert-noise-reduction.html
Splunk ITSI (Event Analytics·Adaptive Thresholding),Getting Started with Splunk ITSI Guide | PDF | Analytics | Predictive Analytics,https://www.scribd.com/document/669710854/splunk-getting-started-with-itsi
Splunk ITSI (Event Analytics·Adaptive Thresholding),Splunk ITSI Implementation Guide & Best Practices,https://www.bitsioinc.com/blog-post/splunk-itsi-implementation-guide
Splunk ITSI (Event Analytics·Adaptive Thresholding),Webinar: Adaptive Thresholds and Anomaly Detection: Unleash the Power of Machine Learning for Improved Operations with Splunk ITSI | Splunk,https://www.splunk.com/en_us/form/unleash-the-power-of-machine-learning.html
Splunk ITSI (Event Analytics·Adaptive Thresholding),Migrate anomaly detection to adaptive thresholding in ITSI | Splunk Docs,https://help.splunk.com/en/splunk-it-service-intelligence/splunk-it-service-intelligence/visualize-and-assess-service-health/4.21/advanced-thresholding/migrate-anomaly-detection-to-adaptive-thresholding-in-itsi
Splunk ITSI (Event Analytics·Adaptive Thresholding),Introducing Event iQ: Smarter Event Correlation in Splunk IT Service Intelligence (ITSI) | Splunk,https://www.splunk.com/en_us/blog/observability/event-iq-splunk-it-service-intelligence-itsi.html
Splunk ITSI (Event Analytics·Adaptive Thresholding),Tech Talk | Getting the Most Out of Event Correlation and Alert Storm Detection in Splunk ITSI,https://community.splunk.com/t5/Community-Blog/Tech-Talk-Getting-the-Most-Out-of-Event-Correlation-and-Alert/ba-p/647049
Splunk ITSI (Event Analytics·Adaptive Thresholding),Moogsoft vs Splunk: Evaluating AIOps Solutions for IT Operations Efficiency – appNeura,https://appneura.com/moogsoft-vs-splunk/
Splunk ITSI (Event Analytics·Adaptive Thresholding),Reduce Alert Noise - Splunk Lantern,https://lantern.splunk.com/Observability/UCE/Guided_Insights/Reduce_Noise
Splunk ITSI (Event Analytics·Adaptive Thresholding),Smarter Noise Reduction in ITSI | Splunk,https://www.splunk.com/en_us/blog/platform/smarter-noise-reduction-in-itsi.html
Splunk ITSI (Event Analytics·Adaptive Thresholding),Splunk integration - APEX AIOps - Moogsoft,https://docs.moogsoft.com/moogsoft-cloud/en/splunk-integration.html
Moogsoft (Cookbook·Tempus·클러스터링),Clustering Algorithm Guide - APEX AIOps - Moogsoft,https://docs.moogsoft.com/v9/en/clustering-algorithm-guide.html
Moogsoft (Cookbook·Tempus·클러스터링),Configure Deterministic Alert Clustering with Cookbook,https://docs.moogsoft.com/Enterprise.8.0.0/en/configure-deterministic-alert-clustering-with-cookbook.html
Moogsoft (Cookbook·Tempus·클러스터링),Review and Adjust Clustering Settings with Situation Visualization,https://docs.moogsoft.com/Enterprise.8.0.0/en/review-and-adjust-clustering-settings-with-situation-visualization.html
Moogsoft (Cookbook·Tempus·클러스터링),Configure Clustering Algorithms - APEX AIOps - Moogsoft,https://docs.moogsoft.com/Enterprise.8.0.0/en/configure-clustering-algorithms.html
Moogsoft (Cookbook·Tempus·클러스터링),Understand how correlation works - APEX AIOps - Moogsoft,https://docs.moogsoft.com/moogsoft-cloud/en/understand-how-correlation-works.html
Moogsoft (Cookbook·Tempus·클러스터링),© 2020 Moogsoft Inc. All rights reserved. AT A GLANCE | ALERT CORRELATION,https://www.moogsoft.com/product/clustering-correlation/
Moogsoft (Cookbook·Tempus·클러스터링),Reduce IT Noise Up to 98% with Alert Correlation,https://docs.moogsoft.com/moogsoft-cloud/en/use-case-video--power-of-alert-correlation--.html
Moogsoft (Cookbook·Tempus·클러스터링),"Moogsoft Review: Features, Pricing, Pros & Cons (2026)",https://www.siit.io/tools/trending/moogsoft-review
BigPanda (상관·압축·고객사례),"Why event correlation, and how is AIOps involved? | BigPanda",https://www.bigpanda.io/blog/why-event-correlation-and-how-is-aiops-involved/
BigPanda (상관·압축·고객사례),AIOps Event Correlation Software: Transform IT Incident Response,https://www.bigpanda.io/blog/event-correlation/
BigPanda (상관·압축·고객사례),BigPanda – AIOps-driven event correlation platform helping customers to deliver extraordinary digital experiences - CIO Bulletin,https://ciobulletin.com/magazine/profile/bigpanda-digitalizing-aiops-based-organizations
BigPanda (상관·압축·고객사례),BigPanda's AIOps Event Correlation and Automation platform,https://www.bigpanda.io/our-product/platform/
BigPanda (상관·압축·고객사례),BigPanda Event Enrichment Engine: The secret ingredient for AIOps,https://www.bigpanda.io/blog/event-enrichment-the-secret-ingredient-for-aiops/
BigPanda (상관·압축·고객사례),BigPanda AIOps,https://docs.bigpanda.io/en/bigpanda-aiops
BigPanda (상관·압축·고객사례),AI Incident Detection & Response | Fast MTTD & MTTR | BigPanda,https://www.bigpanda.io/our-product/event-correlation/
BigPanda (상관·압축·고객사례),BigPanda | LinkedIn,https://www.linkedin.com/company/bigpanda
BigPanda (상관·압축·고객사례),Incident Correlation | BigPanda,https://www.bigpanda.io/incident-correlation/
BigPanda (상관·압축·고객사례),What is an AIOps platform? | BigPanda,https://www.bigpanda.io/blog/what-is-an-aiops-platform/
BigPanda (상관·압축·고객사례),Achieving quick time to value with AIOps | BigPanda,https://www.bigpanda.io/blog/aiops-time-to-value/
BigPanda (상관·압축·고객사례),Transforming ITSM with AIOps: EMA research | BigPanda,https://www.bigpanda.io/blog/ema-research-transform-itsm-aiops/
BigPanda (상관·압축·고객사례),Bigpanda Mttr AIOps Insights | Restackio,https://www.restack.io/p/bigpanda-mttr-answer-cat-ai
BigPanda (상관·압축·고객사례),"What is AIOps? Use cases, benefits, & getting started | BigPanda",https://www.bigpanda.io/blog/what-is-aiops/
BigPanda (상관·압축·고객사례),6 AIOps use cases for enterprise IT | BigPanda,https://www.bigpanda.io/blog/what-are-aiops-use-cases/
BigPanda (상관·압축·고객사례),Improve incident triage with AIOps to reduce downtime | BigPanda,https://www.bigpanda.io/blog/incident-triage-and-mttr/
BigPanda (상관·압축·고객사례),The human element of implementing AIOps | BigPanda,https://www.bigpanda.io/blog/organizational-change-management-aiops-adoption/
BigPanda (상관·압축·고객사례),FreeWheel Case Study | BigPanda,https://www.bigpanda.io/customer/freewheel-case-study/
BigPanda (상관·압축·고객사례),"AI-powered IT Operations and Incident Management, AIOps",https://www.bigpanda.io/
New Relic (Holt-Winters·Predictive),Intelligent alerting with New Relic: Leveraging AI-powered alerting for anomaly detection and noise reduction,https://newrelic.com/blog/ai/intelligent-alerting-with-new-relic-leveraging-ai-powered-alerting-for-anomaly-detection-and-noise
Google SRE,Top 7 AI SRE Tools for 2026: Essential Solutions for Modern Site Reliability,https://stackgen.com/blog/top-7-ai-sre-tools-for-2026-essential-solutions-for-modern-site-reliability
이상탐지·동적 baseline,Holt-Winters: Seasonal Forecasting Explained | MCP Analytics,https://mcpanalytics.ai/whitepapers/whitepaper-holt-winters
이상탐지·동적 baseline,Anomaly Detection with Holt Winters Simple Exponential Smoothing in Python | by İsmail Kağan Acar | Medium,https://medium.com/@acarismailkagan/anomaly-detection-with-holt-winters-simple-exponential-smoothing-in-python-c5b11537b0a9
이상탐지·동적 baseline,What Is Anomaly Detection? · Dash0,https://www.dash0.com/faq/what-is-anomaly-detection
이상탐지·동적 baseline,Holt-Winters Algorithm & Anomaly Detection | VMware Avi Load Balancer - VMware Load Balancing & WAF Blog,https://blogs.vmware.com/load-balancing/2024/03/20/holt-winters-algorithm-anomaly-detection-vmware-avi-load-balancer/
이상탐지·동적 baseline,Data anomaly detection,https://image-ppubs.uspto.gov/dirsearch-public/print/downloadPdf/11921609
이상탐지·동적 baseline,Data anomaly detection,https://image-ppubs.uspto.gov/dirsearch-public/print/downloadPdf/11341374
이상탐지·동적 baseline,Building a real-time anomaly detection system for time series at Pinterest | by Pinterest Engineering | Pinterest Engineering Blog | Medium,https://medium.com/pinterest-engineering/building-a-real-time-anomaly-detection-system-for-time-series-at-pinterest-a833e6856ddd
이상탐지·동적 baseline,Best AI-Powered Observability Platforms for Anomaly Detection 2026,https://www.prompthalo.ai/feeds/blog/ai-powered-observability-platforms-anomaly-detection-2025
자동복구·폐루프(Self-healing),"Building Self-Healing Infrastructure Using Observability, AIOps and Automated Incident Remediation | HackerNoon",https://hackernoon.com/building-self-healing-infrastructure-using-observability-aiops-and-automated-incident-remediation
자동복구·폐루프(Self-healing),Closed-Loop Remediation & Self-Healing AIOps,https://aicompetence.org/closed-loop-remediation-self-healing-aiops/
자동복구·폐루프(Self-healing),Self-Healing ITOps: Close the Loop From Detection to Resolution | LogicMonitor,https://www.logicmonitor.com/blog/self-healing-itops-close-the-loop-from-detection-to-resolution
자동복구·폐루프(Self-healing),Self-Healing IT Operations Using AIOps and Incident Automation,https://vitria.com/blog/self-healing-with-aiops/
자동복구·폐루프(Self-healing),"Agentic AIOps in Action: LogicMonitor, IBM, and Red Hat Deliver Self-Healing IT | LogicMonitor",https://www.logicmonitor.com/blog/agentic-aiops-self-healing-it-logicmonitor-ibm-red-hat
도입 방법론·성숙도(Crawl-Walk-Run),The Crawl-Walk-Run Approach to Nonprofit AI Adoption - Whole Whale,https://wholewhale.com/resources/the-ai-crawl-walk-run-approach/
도입 방법론·성숙도(Crawl-Walk-Run),"Crawl, Walk, Run: A Strategic Guide to Implementing Artificial Intelligence in Your Organization",https://www.linkedin.com/pulse/crawl-walk-run-strategic-guide-implementing-your-mark-silver-tcuzc
도입 방법론·성숙도(Crawl-Walk-Run),"Crawl, Walk, Run: A Practical AI Adoption Roadmap for Mid-Sized Companies - Thrive",https://thrivenextgen.com/crawl-walk-run-a-practical-ai-adoption-roadmap-for-mid-sized-companies/
도입 방법론·성숙도(Crawl-Walk-Run),"Understanding the 'Crawl, Walk, Run' Approach to AI Training",https://www.simbo.ai/blog/understanding-the-crawl-walk-run-approach-to-ai-training-building-confidence-and-innovation-in-employees-941569/
도입 방법론·성숙도(Crawl-Walk-Run),"5 Steps to Kickstart AI Implementation for SMEs (Crawl, Walk, Run Framework) - Hatz AI",https://hatz.ai/articles/5-steps-to-kickstart-ai-implementation-for-smes-(crawl-walk-run-framework)
도입 방법론·성숙도(Crawl-Walk-Run),"Crawl, Walk, Run: A Practitioner's Guide to AI Maturity in the SOC | Microsoft Community Hub",https://techcommunity.microsoft.com/blog/microsoft-security-blog/crawl-walk-run-a-practitioners-guide-to-ai-maturity-in-the-soc/4500433
도입 방법론·성숙도(Crawl-Walk-Run),"AI Implementation and Enablement – Why the Crawl, Walk, Run Approach Always Wins | Framework IT",https://www.frameworkit.com/blog/ai-implementation-and-enablement-why-the-crawl-walk-run-approach-always-wins
도입 방법론·성숙도(Crawl-Walk-Run),AIOps strategy: Key components and best practices - N-iX,https://www.n-ix.com/aiops-strategy/
도입 방법론·성숙도(Crawl-Walk-Run),Crafting an Effective AIOps Strategy | xMatters - xMatters,https://www.xmatters.com/blog/aiops-strategy
학술 연구 (arXiv),"A Topology-Aware, Memory-Centric Architecture that Separates Root-Cause Derivation from Root-Cause Explanation",https://arxiv.org/pdf/2606.20758
학술 연구 (arXiv),A Comprehensive Forecasting-Based Framework for Time Series Anomaly Detection: Benchmarking on the Numenta Anomaly Benchmark (NAB),https://arxiv.org/html/2510.11141v1
학술 연구 (arXiv),Fast and explainable clustering in the Manhattan and Tanimoto distance,https://arxiv.org/html/2601.08781v1
학술 연구 (arXiv),Detecting Malicious Code by Exploiting Dependencies of System-call   Groups,https://arxiv.org/pdf/1412.8712
학술 연구 (arXiv),Large-scale text processing pipeline with Apache Spark,https://arxiv.org/pdf/1912.00547
학술 연구 (arXiv),NLP-Based Techniques for Cyber Threat Intelligence,https://arxiv.org/pdf/2311.08807
기타 (일반·산업 분석),Ramp up carefully during AIOps implementation | TechTarget,https://www.techtarget.com/searchitoperations/feature/Ramp-up-carefully-during-AIOps-implementation
기타 (일반·산업 분석),Which AI Observability Tools Accelerate Root Cause Analysis?,https://logz.io/blog/ai-powered-observability-tools-root-cause-analysis/
기타 (일반·산업 분석),Best AIOps Platforms 2026: Top 10 Ranked and Compared | Nova AI Ops Blog,https://novaaiops.com/blog/best-aiops-platforms-2026
기타 (일반·산업 분석),Best Root Cause Analysis Tools in 2026 - Neubird,https://neubird.ai/blog/root-cause-analysis-tools/
기타 (일반·산업 분석),"10 best AIOps tools for 2026, ranked and reviewed - Guideflow Blog",https://www.guideflow.com/blog/aiops-tools
기타 (일반·산업 분석),AIOps in 2026: AI Monitoring & Incident Response | TechPlained,https://www.techplained.com/aiops-explained
기타 (일반·산업 분석),Case Study: How Enterprises Use AIOps to Cut MTTR by 40% | by Alexendra Scott | Medium,https://medium.com/@alexendrascott01/case-study-how-enterprises-use-aiops-to-cut-mttr-by-40-576600a4215a
기타 (일반·산업 분석),"AIOps - All About AIOps: Use Cases, Benefits, and How to Get It Right",https://hydrolix.io/glossary/aiops/
기타 (일반·산업 분석),AiOps Automation in Action: Real-World Case Studies - AiOps Redefined!!!,https://www.theaiops.com/aiops-automation-in-action-real-world-case-studies/
기타 (일반·산업 분석),What Is AIOps | AI-Driven IT Operations Automation | Imperva,https://www.imperva.com/learn/data-security/aiops/
기타 (일반·산업 분석),AIOps & AI for IT Operations: From Reactive Intervention to Autonomous Action,https://efs.consulting/en/insights/article/artificial-intelligence/aiops/
기타 (일반·산업 분석),Top 15 AIOps Software Solutions to Transform Your IT Operations [2026],https://monday.com/blog/service/aiops-software/
