플랫폼,분류,AIOps 메커니즘(핵심),강점,한계/주의,적합 대상
Dynatrace Davis,관측성 내장형(Full-stack),결정적 인과 AI + Smartscape 실시간 토폴로지 그래프로 상관이 아닌 '인과'를 결정적으로 판정; 예측·인과·생성(hypermodal) 융합,"OneAgent 자동계측·수직/수평 의존성 기반 정밀 RCA, 자동 베이스라이닝, 설명가능(Visual Resolution Path), 자동복구 오케스트레이션","OneAgent·플랫폼 종속(lock-in), 소비기반 과금 높음","대규모 복잡·멀티클라우드, 감사·설명가능성 중시 환경"
Datadog Watchdog+Bits AI,관측성 내장형(Cloud-native),무설정 ML 이상탐지(메트릭/로그/APM) + Bits AI 에이전트형 조사·런북 실행,"1,000+ 통합, 영향분석, 대화형 트리아지, 광범위 텔레메트리 상관","인과보다 상관 중심, 커스텀메트릭·로그 인덱싱 비용 급증",이미 Datadog 사용 중인 클라우드네이티브 팀
Splunk ITSI (Event iQ),관측성/ITSM 내장형,"데이터 기반 학습형 알림 상관(Event iQ), 적응형 임계치, KPI·서비스 중심 에피소드 그룹핑","노이즈 90%+ 감소, 예측분석, 서비스 대시보드(Glass Table), 3rd-party 수집 폭넓음","구축·데이터모델링 난이도 높음, 토폴로지 인과는 약함",로그·모니터링 수집량 많고 Splunk 기반인 조직
Moogsoft (Dell APEX AIOps),독립 상관엔진,"다양한 소스 이벤트를 ML로 상관·중복제거; 노이즈 최대 98-99% 감소, 조기 이상탐지","소스 무관 수집, 자동 노이즈 감소, 자동 인시던트 워크플로","""47개 알림=한 문제""까지; 실제 원인 판정은 사람 의존, 셋업 복잡",알림 과다 스택의 노이즈 절감·워크플로 자동화(SRE/DevOps)
BigPanda,독립 상관엔진,"Open Box ML(투명·검증가능) + 이벤트 강화엔진; 알림·변경·토폴로지 상관, 변경(change)이 원인인지 추적","300+ 커넥터, 교차도메인 강화로 노이즈 95%+ 감소, 근본원인 '변경' 식별, GenAI 요약, 양방향 티케팅","원인 후보를 좁히나 진단 자체는 미완결, 토폴로지는 수집원 의존",모니터링 도구 5개+ 를 rip-and-replace 없이 통합하려는 대기업
PagerDuty AIOps,인시던트 대응 레이어,"ML 기반 알림 그룹핑·노이즈 감소, 지능형 라우팅(Event Intelligence)","온콜·에스컬레이션 성숙, 대응 워크플로 연동",RCA·자동복구·포스트모템 없음; 조사·원인분석은 전적으로 사람,온콜·대응 워크플로가 병목인 팀(상관은 얕게)
New Relic Applied Intelligence,관측성 내장형,인시던트 상관·노이즈 감소·원인 제안; 에이전트형 teammate 확장 중,"Full-Platform 티어에 번들(별도 SKU 아님), 가성비",Dynatrace 대비 토폴로지 인지·자동복구 약함,New Relic 사용 중인 중견 조직(가성비)
ServiceNow ITOM/AIOps,ITSM/CMDB 통합형,"CMDB·서비스맵 기반 이벤트 상관·이상탐지, 인시던트·변경과 폐루프 연계","CMDB·워크플로 자동화·티켓 폐루프 강점, 토폴로지(서비스맵)",관측 텔레메트리 깊이는 관측성 전문벤더 대비 얕음,ITSM 표준이 ServiceNow이고 CMDB 연계가 핵심인 조직
Grafana/Prometheus + OSS(Keep),오픈소스/OTel,OTel 표준 기반 이상탐지·예측·적응형 알림; Keep 등으로 상관·워크플로,"개방표준·데이터레이어 lock-in 회피·비용 예측성, 폐쇄망 자체호스팅","엔지니어링 투자 큼, 상관·인과·자동복구는 직접 구축","플랫폼 엔지니어링 성숙, lock-in 회피·폐쇄망 우선 팀"
